Accuracy,Precision,Recall,F1 Score,Mean Squared Error
0.8292046936114733,0.8265478536409425,0.8292046936114733,0.8271961661358963,0.17861799217731422
