Accuracy,Precision,Recall,F1 Score,Mean Squared Error
0.8122555410691004,0.847116808082271,0.8122555410691004,0.8191965680046442,0.1877444589308996
