Accuracy,Precision,Recall,F1 Score,Mean Squared Error
0.8037809647979139,0.8566790730502036,0.8037809647979139,0.8143011031280134,0.0024114342847870547
