Accuracy,Precision,Recall,F1 Score,Mean Squared Error
0.7868318122555411,0.8199489486940763,0.7868318122555411,0.7926058807809979,0.004514179919322811
