Accuracy,Precision,Recall,F1 Score,Mean Squared Error
0.7346805736636245,0.7825392627469041,0.7346805736636245,0.743427659301542,0.005706334276162616
