Accuracy,Precision,Recall,F1 Score,Mean Squared Error
0.8102998696219035,0.837692840092815,0.8102998696219035,0.8161474041387106,0.003858239028309518
