Accuracy,Precision,Recall,F1 Score,Mean Squared Error
0.8200782268578879,0.857852388276311,0.8200782268578879,0.8270112856453987,0.0022824696015940785
