Accuracy,Precision,Recall,F1 Score
0.589960886571056,0.6248936073534382,0.589960886571056,0.5975507556436187
