Accuracy,Precision,Recall,F1 Score,Mean Squared Error
0.6544980443285529,0.6839415542777182,0.6544980443285529,0.6374395720512558,0.011260319448220342
