Accuracy,Precision,Recall,F1 Score,Mean Squared Error
0.6890482398956975,0.723012131652915,0.6890482398956975,0.6899327988102743,0.008310347236839875
