Accuracy,Precision,Recall,F1 Score,Mean Squared Error
0.8846153846153846,0.8842364231047221,0.8846153846153846,0.8828234552027308,0.11538461538461539
