Accuracy,Precision,Recall,F1 Score,Mean Squared Error
0.81877444589309,0.8565497556312762,0.81877444589309,0.8262084607968027,0.18122555410691005
