Accuracy,Precision,Recall,F1 Score,Mean Squared Error
0.8970013037809648,0.8972300808548961,0.8970013037809648,0.8960060798108829,0.10299869621903521
