Accuracy,Precision,Recall,F1 Score,Mean Squared Error
0.7509778357235984,0.8300546558527001,0.7509778357235984,0.753292718507945,0.24902216427640156
