Accuracy,Precision,Recall,F1 Score,Mean Squared Error
0.81877444589309,0.8601640233976288,0.81877444589309,0.8260767783745867,0.18122555410691005
