Accuracy,Precision,Recall,F1 Score,Mean Squared Error
0.9126466753585397,0.9182187001492753,0.9126466753585397,0.9130008575637778,0.08735332464146023
