Accuracy,Precision,Recall,F1 Score,Mean Squared Error
0.9054758800521513,0.9056161805706675,0.9054758800521513,0.90446378592435,0.09452411994784876
